method,recall@1,recall@5,seconds
BM25,0.2426,0.4278,2.4325191974639893
msmarco-MiniLM,0.367,0.5958,42.3887460231781
UAE-large-v1,0.614,0.8698,887.5389719009399
